date,visitors,zoo_garden_group,theme_garden_group,individual_visitors
2021-01-01,633,0,0,633
2021-01-02,928,0,0,928
2021-01-03,625,0,0,625
2021-01-04,199,0,0,199
2021-01-05,162,0,0,162
2021-01-06,265,0,0,265
2021-01-07,74,0,0,74
2021-01-08,63,0,0,63
2021-01-09,165,0,0,165
2021-01-10,527,0,0,527
2021-01-11,103,0,0,103
2021-01-12,176,0,0,176
2021-01-13,851,597,0,254
2021-01-14,446,0,0,446
2021-01-15,283,0,0,283
2021-01-16,1147,0,0,1147
2021-01-17,771,0,0,771
2021-01-18,87,0,0,87
2021-01-19,158,0,0,158
2021-01-20,398,0,0,398
2021-01-21,200,0,0,200
2021-01-22,343,0,0,343
2021-01-23,4556,0,0,4556
2021-01-24,8227,0,0,8227
2021-01-25,1132,0,0,1132
2021-01-26,218,0,0,218
2021-01-27,745,0,0,745
2021-01-28,119,0,0,119
2021-01-29,107,0,0,107
2021-01-30,1503,0,0,1503
2021-01-31,4007,0,0,4007
2021-02-01,515,0,0,515
2021-02-02,192,0,0,192
2021-02-03,208,0,0,208
2021-02-04,244,0,0,244
2021-02-05,361,0,0,361
2021-02-06,3512,0,0,3512
2021-02-07,2477,0,0,2477
2021-02-08,246,0,0,246
2021-02-09,371,0,0,371
2021-02-10,682,0,0,682
2021-02-11,3950,0,0,3950
2021-02-12,5530,0,0,5530
2021-02-13,7588,0,0,7588
2021-02-14,4395,0,0,4395
2021-02-15,456,0,0,456
2021-02-16,101,0,0,101
2021-02-17,116,0,0,116
2021-02-18,165,0,0,165
2021-02-19,1643,69,0,1574
2021-02-20,6203,0,0,6203
2021-02-21,11897,1127,0,10770
2021-02-22,1585,0,0,1585
2021-02-23,734,0,0,734
2021-02-24,1212,0,0,1212
2021-02-25,1167,0,0,1167
2021-02-26,2913,0,0,2913
2021-02-27,11624,0,0,11624
2021-02-28,15378,0,0,15378
2021-03-01,113,0,0,113
2021-03-02,641,0,0,641
2021-03-03,836,0,0,836
2021-03-04,616,0,0,616
2021-03-05,1373,0,0,1373
2021-03-06,10282,0,0,10282
2021-03-07,11425,0,0,11425
2021-03-08,1149,0,0,1149
2021-03-09,1034,0,0,1034
2021-03-10,1260,0,0,1260
2021-03-11,2395,0,0,2395
2021-03-12,347,0,0,347
2021-03-13,10069,0,0,10069
2021-03-14,8828,0,0,8828
2021-03-15,916,0,0,916
2021-03-16,706,0,0,706
2021-03-17,1078,0,0,1078
2021-03-18,1242,0,0,1242
2021-03-19,1687,0,0,1687
2021-03-20,801,0,0,801
2021-03-21,10370,4419,0,5951
2021-03-22,1088,0,0,1088
2021-03-23,1086,0,0,1086
2021-03-24,1101,0,0,1101
2021-03-25,1628,0,0,1628
2021-03-26,1453,0,0,1453
2021-03-27,1291,0,0,1291
2021-03-28,2007,0,0,2007
2021-03-29,802,0,0,802
2021-03-30,1616,0,0,1616
2021-03-31,3512,0,0,3512
2021-04-01,4433,0,0,4433
2021-04-02,5286,0,0,5286
2021-04-03,491,0,0,491
2021-04-04,15169,0,0,15169
2021-04-05,4368,0,0,4368
2021-04-06,3724,0,0,3724
2021-04-07,4132,0,0,4132
2021-04-08,3214,0,0,3214
2021-04-09,5688,278,38,5372
2021-04-10,21369,35,0,21334
2021-04-11,20591,0,0,20591
2021-04-12,319,0,0,319
2021-04-13,1458,0,0,1458
2021-04-14,2003,0,50,1953
2021-04-15,2301,39,0,2262
2021-04-16,585,0,0,585
2021-04-17,5544,0,0,5544
2021-04-18,23276,4638,0,18638
2021-04-19,2765,0,0,2765
2021-04-20,2360,0,0,2360
2021-04-21,2341,0,97,2244
2021-04-22,1817,0,0,1817
2021-04-23,2214,32,0,2182
2021-04-24,15031,0,0,15031
2021-04-25,17717,0,0,17717
2021-04-26,2483,0,0,2483
2021-04-27,1771,0,0,1771
2021-04-28,1459,57,0,1402
2021-04-29,1594,54,0,1540
2021-04-30,1259,0,0,1259
2021-05-01,5173,0,0,5173
2021-05-02,17650,0,0,17650
2021-05-03,5302,0,0,5302
2021-05-04,536,50,0,486
2021-05-05,46206,0,0,46206
2021-05-06,5036,0,0,5036
2021-05-07,1287,0,0,1287
2021-05-08,3533,0,0,3533
2021-05-09,12740,0,0,12740
2021-05-10,322,12,0,310
2021-05-11,4631,0,61,4570
2021-05-12,2227,0,33,2194
2021-05-13,2823,0,108,2715
2021-05-14,3140,176,116,2848
2021-05-15,2672,0,0,2672
2021-05-16,426,0,0,426
2021-05-17,542,0,0,542
2021-05-18,3884,77,61,3746
2021-05-19,24671,0,0,24671
2021-05-20,1304,39,0,1265
2021-05-21,1711,40,45,1626
2021-05-22,19649,0,0,19649
2021-05-23,17161,0,0,17161
2021-05-24,3989,0,85,3904
2021-05-25,2173,0,0,2173
2021-05-26,4690,140,120,4430
2021-05-27,1004,0,0,1004
2021-05-28,1298,0,0,1298
2021-05-29,12491,0,0,12491
2021-05-30,30143,11511,0,18632
2021-05-31,3012,0,0,3012
2021-06-01,3165,0,0,3165
2021-06-02,3384,0,132,3252
2021-06-03,701,0,0,701
2021-06-04,4275,113,34,4128
2021-06-05,14463,0,0,14463
2021-06-06,13620,0,0,13620
2021-06-07,2734,0,0,2734
2021-06-08,3985,0,34,3951
2021-06-09,1902,0,0,1902
2021-06-10,1877,55,44,1778
2021-06-11,1625,0,0,1625
2021-06-12,8613,0,0,8613
2021-06-13,7449,0,0,7449
2021-06-14,1715,93,45,1577
2021-06-15,842,0,0,842
2021-06-16,2153,0,68,2085
2021-06-17,1760,0,0,1760
2021-06-18,612,0,0,612
2021-06-19,9749,0,0,9749
2021-06-20,8337,0,0,8337
2021-06-21,1609,0,45,1564
2021-06-22,1406,38,85,1283
2021-06-23,948,0,0,948
2021-06-24,1303,0,0,1303
2021-06-25,1821,0,0,1821
2021-06-26,6151,0,0,6151
2021-06-27,23485,15787,0,7698
2021-06-28,710,0,0,710
2021-06-29,1089,45,48,996
2021-06-30,663,0,0,663
2021-07-01,894,0,0,894
2021-07-02,1050,0,0,1050
2021-07-03,2370,0,0,2370
2021-07-04,1094,0,0,1094
2021-07-05,1459,0,0,1459
2021-07-06,1235,0,0,1235
2021-07-07,719,0,0,719
2021-07-08,597,0,0,597
2021-07-09,758,0,0,758
2021-07-10,2216,0,0,2216
2021-07-11,1731,0,0,1731
2021-07-12,596,0,0,596
2021-07-13,516,0,0,516
2021-07-14,473,0,0,473
2021-07-15,391,0,0,391
2021-07-16,344,0,0,344
2021-07-17,1315,0,0,1315
2021-07-18,1424,0,0,1424
2021-07-19,345,0,0,345
2021-07-20,1987,0,0,1987
2021-07-21,277,0,0,277
2021-07-22,264,0,0,264
2021-07-23,238,0,0,238
2021-07-24,578,0,0,578
2021-07-25,9812,9045,0,767
2021-07-26,399,0,0,399
2021-07-27,246,0,0,246
2021-07-28,281,0,0,281
2021-07-29,475,0,0,475
2021-07-30,446,0,0,446
2021-07-31,1157,0,0,1157
2021-08-01,1176,0,0,1176
2021-08-02,1191,0,0,1191
2021-08-03,1326,0,0,1326
2021-08-04,986,0,0,986
2021-08-05,1495,0,0,1495
2021-08-06,757,0,0,757
2021-08-07,2232,0,0,2232
2021-08-08,2267,0,0,2267
2021-08-09,816,0,0,816
2021-08-10,608,0,0,608
2021-08-11,682,0,0,682
2021-08-12,779,0,0,779
2021-08-13,1184,0,0,1184
2021-08-14,5347,0,0,5347
2021-08-15,7148,0,0,7148
2021-08-16,5792,0,0,5792
2021-08-17,1312,0,0,1312
2021-08-18,889,0,0,889
2021-08-19,1721,0,0,1721
2021-08-20,1339,0,0,1339
2021-08-21,1164,0,0,1164
2021-08-22,8136,0,0,8136
2021-08-23,409,0,0,409
2021-08-24,239,0,0,239
2021-08-25,1696,1129,0,567
2021-08-26,1299,0,0,1299
2021-08-27,381,0,0,381
2021-08-28,11137,0,0,11137
2021-08-29,9178,0,0,9178
2021-08-30,1723,0,0,1723
2021-08-31,242,0,0,242
2021-09-01,631,0,0,631
2021-09-02,1566,0,0,1566
2021-09-03,2412,0,0,2412
2021-09-04,15612,0,0,15612
2021-09-05,15370,0,0,15370
2021-09-06,1595,0,0,1595
2021-09-07,137,0,0,137
2021-09-08,1673,0,0,1673
2021-09-09,1889,0,0,1889
2021-09-10,3842,1962,0,1880
2021-09-11,11735,0,0,11735
2021-09-12,12755,0,0,12755
2021-09-13,1442,0,0,1442
2021-09-14,1405,0,0,1405
2021-09-15,1313,0,0,1313
2021-09-16,1336,0,0,1336
2021-09-17,1335,0,0,1335
2021-09-18,9152,0,0,9152
2021-09-19,12678,0,0,12678
2021-09-20,19167,5849,0,13318
2021-09-21,7751,0,0,7751
2021-09-22,10551,0,0,10551
2021-09-23,4100,0,0,4100
2021-09-24,3257,0,0,3257
2021-09-25,10698,0,0,10698
2021-09-26,11145,0,0,11145
2021-09-27,1478,0,0,1478
2021-09-28,1124,0,0,1124
2021-09-29,169,0,0,169
2021-09-30,1840,0,0,1840
2021-10-01,2313,0,0,2313
2021-10-02,12400,0,0,12400
2021-10-03,16853,0,0,16853
2021-10-04,5215,0,0,5215
2021-10-05,1259,0,0,1259
2021-10-06,353,0,0,353
2021-10-07,914,0,0,914
2021-10-08,715,0,0,715
2021-10-09,13776,0,0,13776
2021-10-10,6376,0,0,6376
2021-10-11,14410,0,0,14410
2021-10-12,1763,0,0,1763
2021-10-13,2368,0,0,2368
2021-10-14,2310,0,0,2310
2021-10-15,1857,0,0,1857
2021-10-16,7823,0,0,7823
2021-10-17,5034,0,0,5034
2021-10-18,3236,0,0,3236
2021-10-19,1091,0,0,1091
2021-10-20,1863,0,0,1863
2021-10-21,1938,124,0,1814
2021-10-22,2386,28,0,2358
2021-10-23,11525,0,0,11525
2021-10-24,14344,0,0,14344
2021-10-25,2267,0,0,2267
2021-10-26,2433,0,0,2433
2021-10-27,20162,17893,0,2269
2021-10-28,3071,0,0,3071
2021-10-29,3468,0,0,3468
2021-10-30,13047,0,0,13047
2021-10-31,15648,0,0,15648
2021-11-01,3168,30,0,3138
2021-11-02,3353,0,0,3353
2021-11-03,3310,0,0,3310
2021-11-04,2533,0,0,2533
2021-11-05,3846,0,0,3846
2021-11-06,15092,0,0,15092
2021-11-07,16700,0,0,16700
2021-11-08,171,0,0,171
2021-11-09,385,0,0,385
2021-11-10,930,36,0,894
2021-11-11,1515,173,99,1243
2021-11-12,1593,143,48,1402
2021-11-13,6639,0,56,6583
2021-11-14,8436,0,0,8436
2021-11-15,1680,36,42,1602
2021-11-16,3665,0,45,3620
2021-11-17,1631,0,0,1631
2021-11-18,1073,0,0,1073
2021-11-19,1748,0,0,1748
2021-11-20,4321,0,0,4321
2021-11-21,3040,0,0,3040
2021-11-22,683,0,0,683
2021-11-23,436,0,0,436
2021-11-24,523,0,0,523
2021-11-25,665,0,0,665
2021-11-26,16233,15450,0,783
2021-11-27,15992,12433,0,3559
2021-11-28,4650,0,0,4650
2021-11-29,1137,0,0,1137
2021-11-30,141,0,0,141
2021-12-01,321,0,0,321
2021-12-02,386,0,0,386
2021-12-03,361,0,0,361
2021-12-04,1741,0,0,1741
2021-12-05,2830,0,0,2830
2021-12-06,696,0,0,696
2021-12-07,1776,125,0,1651
2021-12-08,744,0,0,744
2021-12-09,645,0,0,645
2021-12-10,404,0,0,404
2021-12-11,2688,0,0,2688
2021-12-12,2415,0,0,2415
2021-12-13,267,0,0,267
2021-12-14,568,0,0,568
2021-12-15,339,0,0,339
2021-12-16,355,0,0,355
2021-12-17,343,0,0,343
2021-12-18,312,0,0,312
2021-12-19,573,0,0,573
2021-12-20,471,0,0,471
2021-12-21,460,0,0,460
2021-12-22,427,0,0,427
2021-12-23,430,0,0,430
2021-12-24,303,0,0,303
2021-12-25,390,0,0,390
2021-12-26,223,0,0,223
2021-12-27,12955,12804,0,151
2021-12-28,317,0,0,317
2021-12-29,394,0,0,394
2021-12-30,420,0,0,420
2021-12-31,202,0,0,202
