date,day,visitors
2021-01-01,금,633
2021-01-02,토,928
2021-01-03,일,625
2021-01-04,월,199
2021-01-05,화,162
2021-01-06,수,265
2021-01-07,목,74
2021-01-08,금,63
2021-01-09,토,165
2021-01-10,일,527
2021-01-11,월,103
2021-01-12,화,176
2021-01-13,수,851
2021-01-14,목,446
2021-01-15,금,283
2021-01-16,토,1147
2021-01-17,일,771
2021-01-18,월,87
2021-01-19,화,158
2021-01-20,수,398
2021-01-21,목,200
2021-01-22,금,343
2021-01-23,토,4556
2021-01-24,일,8227
2021-01-25,월,1132
2021-01-26,화,218
2021-01-27,수,745
2021-01-28,목,119
2021-01-29,금,107
2021-01-30,토,1503
2021-01-31,일,4007
2021-02-01,월,515
2021-02-02,화,192
2021-02-03,수,208
2021-02-04,목,244
2021-02-05,금,361
2021-02-06,토,3512
2021-02-07,일,2477
2021-02-08,월,246
2021-02-09,화,371
2021-02-10,수,682
2021-02-11,목,3950
2021-02-12,금,5530
2021-02-13,토,7588
2021-02-14,일,4395
2021-02-15,월,456
2021-02-16,화,101
2021-02-17,수,116
2021-02-18,목,165
2021-02-19,금,1643
2021-02-20,토,6203
2021-02-21,일,11897
2021-02-22,월,1585
2021-02-23,화,734
2021-02-24,수,1212
2021-02-25,목,1167
2021-02-26,금,2913
2021-02-27,토,11624
2021-02-28,일,15378
2021-03-01,월,113
2021-03-02,화,641
2021-03-03,수,836
2021-03-04,목,616
2021-03-05,금,1373
2021-03-06,토,10282
2021-03-07,일,11425
2021-03-08,월,1149
2021-03-09,화,1034
2021-03-10,수,1260
2021-03-11,목,2395
2021-03-12,금,347
2021-03-13,토,10069
2021-03-14,일,8828
2021-03-15,월,916
2021-03-16,화,706
2021-03-17,수,1078
2021-03-18,목,1242
2021-03-19,금,1687
2021-03-20,토,801
2021-03-21,일,10370
2021-03-22,월,1088
2021-03-23,화,1086
2021-03-24,수,1101
2021-03-25,목,1628
2021-03-26,금,1453
2021-03-27,토,1291
2021-03-28,일,2007
2021-03-29,월,802
2021-03-30,화,1616
2021-03-31,수,3512
2021-04-01,목,4433
2021-04-02,금,5286
2021-04-03,토,491
2021-04-04,일,15169
2021-04-05,월,4368
2021-04-06,화,3724
2021-04-07,수,4132
2021-04-08,목,3214
2021-04-09,금,5688
2021-04-10,토,21369
2021-04-11,일,20591
2021-04-12,월,319
2021-04-13,화,1458
2021-04-14,수,2003
2021-04-15,목,2301
2021-04-16,금,585
2021-04-17,토,5544
2021-04-18,일,23276
2021-04-19,월,2765
2021-04-20,화,2360
2021-04-21,수,2341
2021-04-22,목,1817
2021-04-23,금,2214
2021-04-24,토,15031
2021-04-25,일,17717
2021-04-26,월,2483
2021-04-27,화,1771
2021-04-28,수,1459
2021-04-29,목,1594
2021-04-30,금,1259
2021-05-01,토,5173
2021-05-02,일,17650
2021-05-03,월,5302
2021-05-04,화,536
2021-05-05,수,46206
2021-05-06,목,5036
2021-05-07,금,1287
2021-05-08,토,3533
2021-05-09,일,12740
2021-05-10,월,322
2021-05-11,화,4631
2021-05-12,수,2227
2021-05-13,목,2823
2021-05-14,금,3140
2021-05-15,토,2672
2021-05-16,일,426
2021-05-17,월,542
2021-05-18,화,3884
2021-05-19,수,24671
2021-05-20,목,1304
2021-05-21,금,1711
2021-05-22,토,19649
2021-05-23,일,17161
2021-05-24,월,3989
2021-05-25,화,2173
2021-05-26,수,4690
2021-05-27,목,1004
2021-05-28,금,1298
2021-05-29,토,12491
2021-05-30,일,30143
2021-05-31,월,3012
2021-06-01,화,3165
2021-06-02,수,3384
2021-06-03,목,701
2021-06-04,금,4275
2021-06-05,토,14463
2021-06-06,일,13620
2021-06-07,월,2734
2021-06-08,화,3985
2021-06-09,수,1902
2021-06-10,목,1877
2021-06-11,금,1625
2021-06-12,토,8613
2021-06-13,일,7449
2021-06-14,월,1715
2021-06-15,화,842
2021-06-16,수,2153
2021-06-17,목,1760
2021-06-18,금,612
2021-06-19,토,9749
2021-06-20,일,8337
2021-06-21,월,1609
2021-06-22,화,1406
2021-06-23,수,948
2021-06-24,목,1303
2021-06-25,금,1821
2021-06-26,토,6151
2021-06-27,일,23485
2021-06-28,월,710
2021-06-29,화,1089
2021-06-30,수,663
2021-07-01,목,894
2021-07-02,금,1050
2021-07-03,토,2370
2021-07-04,일,1094
2021-07-05,월,1459
2021-07-06,화,1235
2021-07-07,수,719
2021-07-08,목,597
2021-07-09,금,758
2021-07-10,토,2216
2021-07-11,일,1731
2021-07-12,월,596
2021-07-13,화,516
2021-07-14,수,473
2021-07-15,목,391
2021-07-16,금,344
2021-07-17,토,1315
2021-07-18,일,1424
2021-07-19,월,345
2021-07-20,화,1987
2021-07-21,수,277
2021-07-22,목,264
2021-07-23,금,238
2021-07-24,토,578
2021-07-25,일,9812
2021-07-26,월,399
2021-07-27,화,246
2021-07-28,수,281
2021-07-29,목,475
2021-07-30,금,446
2021-07-31,토,1157
2021-08-01,일,1176
2021-08-02,월,1191
2021-08-03,화,1326
2021-08-04,수,986
2021-08-05,목,1495
2021-08-06,금,757
2021-08-07,토,2232
2021-08-08,일,2267
2021-08-09,월,816
2021-08-10,화,608
2021-08-11,수,682
2021-08-12,목,779
2021-08-13,금,1184
2021-08-14,토,5347
2021-08-15,일,7148
2021-08-16,월,5792
2021-08-17,화,1312
2021-08-18,수,889
2021-08-19,목,1721
2021-08-20,금,1339
2021-08-21,토,1164
2021-08-22,일,8136
2021-08-23,월,409
2021-08-24,화,239
2021-08-25,수,1696
2021-08-26,목,1299
2021-08-27,금,381
2021-08-28,토,11137
2021-08-29,일,9178
2021-08-30,월,1723
2021-08-31,화,242
2021-09-01,수,631
2021-09-02,목,1566
2021-09-03,금,2412
2021-09-04,토,15612
2021-09-05,일,15370
2021-09-06,월,1595
2021-09-07,화,137
2021-09-08,수,1673
2021-09-09,목,1889
2021-09-10,금,3842
2021-09-11,토,11735
2021-09-12,일,12755
2021-09-13,월,1442
2021-09-14,화,1405
2021-09-15,수,1313
2021-09-16,목,1336
2021-09-17,금,1335
2021-09-18,토,9152
2021-09-19,일,12678
2021-09-20,월,19167
2021-09-21,화,7751
2021-09-22,수,10551
2021-09-23,목,4100
2021-09-24,금,3257
2021-09-25,토,10698
2021-09-26,일,11145
2021-09-27,월,1478
2021-09-28,화,1124
2021-09-29,수,169
2021-09-30,목,1840
2021-10-01,금,2313
2021-10-02,토,12400
2021-10-03,일,16853
2021-10-04,월,5215
2021-10-05,화,1259
2021-10-06,수,353
2021-10-07,목,914
2021-10-08,금,715
2021-10-09,토,13776
2021-10-10,일,6376
2021-10-11,월,14410
2021-10-12,화,1763
2021-10-13,수,2368
2021-10-14,목,2310
2021-10-15,금,1857
2021-10-16,토,7823
2021-10-17,일,5034
2021-10-18,월,3236
2021-10-19,화,1091
2021-10-20,수,1863
2021-10-21,목,1938
2021-10-22,금,2386
2021-10-23,토,11525
2021-10-24,일,14344
2021-10-25,월,2267
2021-10-26,화,2433
2021-10-27,수,20162
2021-10-28,목,3071
2021-10-29,금,3468
2021-10-30,토,13047
2021-10-31,일,15648
2021-11-01,월,3168
2021-11-02,화,3353
2021-11-03,수,3310
2021-11-04,목,2533
2021-11-05,금,3846
2021-11-06,토,15092
2021-11-07,일,16700
2021-11-08,월,171
2021-11-09,화,385
2021-11-10,수,930
2021-11-11,목,1515
2021-11-12,금,1593
2021-11-13,토,6639
2021-11-14,일,8436
2021-11-15,월,1680
2021-11-16,화,3665
2021-11-17,수,1631
2021-11-18,목,1073
2021-11-19,금,1748
2021-11-20,토,4321
2021-11-21,일,3040
2021-11-22,월,683
2021-11-23,화,436
2021-11-24,수,523
2021-11-25,목,665
2021-11-26,금,16233
2021-11-27,토,15992
2021-11-28,일,4650
2021-11-29,월,1137
2021-11-30,화,141
2021-12-01,수,321
2021-12-02,목,386
2021-12-03,금,361
2021-12-04,토,1741
2021-12-05,일,2830
2021-12-06,월,696
2021-12-07,화,1776
2021-12-08,수,744
2021-12-09,목,645
2021-12-10,금,404
2021-12-11,토,2688
2021-12-12,일,2415
2021-12-13,월,267
2021-12-14,화,568
2021-12-15,수,339
2021-12-16,목,355
2021-12-17,금,343
2021-12-18,토,312
2021-12-19,일,573
2021-12-20,월,471
2021-12-21,화,460
2021-12-22,수,427
2021-12-23,목,430
2021-12-24,금,303
2021-12-25,토,390
2021-12-26,일,223
2021-12-27,월,12955
2021-12-28,화,317
2021-12-29,수,394
2021-12-30,목,420
2021-12-31,금,202
